1,Jemima Franco,1914557392,nulla.aliquet@hotmail.couk
2,Erin Logan,4252757717,ipsum.primis@outlook.ca
3,Gail Wilson,3824176742,enim.nec@outlook.couk
4,Ryan Garrett,9056682534,auctor@outlook.edu
5,Shea Love,3277606953,odio.semper@hotmail.net
6,Buffy Copeland,6523238252,congue.turpis@protonmail.couk
7,Kylan Lester,3171687844,aliquam.enim@aol.ca
8,Amelia Green,1327271485,ut.nec.urna@aol.com
9,Kyle Holmes,0580696006,suscipit@yahoo.org
10,Lucius Olson,2723399905,sit@icloud.org
11,Jillian Kirkland,1515428548,mi.aliquam@outlook.couk
12,Burton Neal,3441529657,ante.dictum.mi@hotmail.com
13,MacKenzie Burton,7741531581,ac.mattis@protonmail.edu
14,Brendan Curtis,5650552386,ante@yahoo.couk
15,Ivor Hamilton,6564134510,aliquam@icloud.net
16,Murphy Burch,7311556775,nunc.in@protonmail.net
17,Alexandra Gay,5353743161,in.condimentum@google.com
18,Kibo Floyd,3328282434,luctus.aliquet.odio@google.edu
19,Sage Green,8464843135,duis.gravida.praesent@outlook.com
20,Anastasia Ochoa,0926581575,nunc.ac.mattis@aol.net
21,Linus Beach,4146235772,mauris.rhoncus.id@icloud.ca
22,Hiram Avery,1345689244,integer.tincidunt.aliquam@aol.com
23,Dana Humphrey,4452183881,auctor.velit@google.ca
24,Thaddeus Pollard,3361866748,velit.quisque.varius@protonmail.org
25,Jackson Ochoa,4064125562,leo.vivamus@outlook.net
26,Keaton Wong,4323085123,lorem.auctor@google.ca
27,Sage Parks,8853812888,libero.dui@aol.couk
28,Anastasia Mckay,5663143211,dolor.tempus.non@yahoo.net
29,Zephr Nichols,6104031133,aliquet.diam@aol.edu
30,Denton Watts,1527630385,risus.in.mi@protonmail.ca
31,Aline Leon,4715258517,vel.quam@outlook.net
32,Maris Shaw,3924429955,nascetur.ridiculus@aol.org
33,Simon Massey,4113430189,sed.congue@protonmail.edu
34,Tyler Bell,5370852284,maecenas.ornare@icloud.net
35,Briar Copeland,7074345416,id@yahoo.couk
36,Sybill Barnett,4462697673,non.ante@google.couk
37,Ivor Parker,6832963565,sit.amet.ornare@hotmail.org
38,Hanae Barton,8027566629,scelerisque.scelerisque@protonmail.couk
39,Quinlan English,8627578251,aliquet.proin.velit@aol.org
40,Brooke Murray,1730374323,turpis.vitae.purus@protonmail.ca
41,Belle Wolf,7881654395,duis@hotmail.ca
42,Wade Baker,3593473473,mi.enim.condimentum@icloud.net
43,Aiko White,4316456684,lectus@aol.edu
44,Xander Pierce,4561588700,in.nec@aol.edu
45,Abel Buck,6665157252,lacus.ut@google.net
46,Malcolm Colon,2122903217,rutrum.fusce.dolor@yahoo.edu
47,Caryn Kirby,3221734283,duis.elementum@yahoo.net
48,Kirby Harrison,3209872506,tempus@protonmail.edu
49,Sandra Martin,8175186244,donec.nibh@outlook.ca
50,Hammett Freeman,5639751527,eu.metus.in@icloud.net
51,Raven Mendez,1217649152,lacinia.vitae@hotmail.com
52,Odette Santiago,6948374701,facilisis.non@icloud.ca
53,Abigail Hogan,1339728315,pretium@outlook.ca
54,Sierra Farmer,3726860385,et.magna.praesent@yahoo.net
55,Illiana Little,6375485074,volutpat@hotmail.org
56,Seth Bowen,6863156217,lectus.sit@google.ca
57,Courtney Murphy,7673879376,penatibus.et.magnis@google.net
58,Kalia Levine,1927419681,orci.luctus.et@aol.com
59,Samuel Hays,7063567697,fusce.aliquet.magna@outlook.ca
60,Shellie Hull,9317234688,cum.sociis@icloud.org
61,Portia Cook,3658879415,scelerisque.neque@icloud.com
62,Arthur Singleton,6476744173,felis.donec@aol.ca
63,Kalia Christensen,8144379546,nunc.interdum@yahoo.com
64,Perry Fischer,3970060296,et.magnis@outlook.couk
65,Dylan Ellis,3948774916,ut.semper@icloud.net
66,Faith Morrow,2858186427,molestie@outlook.couk
67,Alec Graves,4287944277,nunc.interdum@protonmail.ca
68,Zeph Velasquez,5581718710,enim@outlook.com
69,Heidi Mclean,7518638429,interdum@hotmail.org
70,Iona Love,6208577487,nunc.ut@yahoo.ca
71,Brielle Vinson,6109544362,duis.cursus@protonmail.ca
72,Hiram Strickland,4466196316,per.inceptos@google.net
73,Fulton Castillo,1793344684,phasellus.libero@google.net
74,Sebastian Waller,4512256347,dictum.sapien@hotmail.couk
75,Serena Guerra,6035311426,magna.a@protonmail.com
76,Deirdre Soto,3192616896,vel.arcu@protonmail.net
77,Farrah Quinn,8228552469,vivamus@outlook.couk
78,Vernon Sanchez,5075423647,nunc.id@outlook.ca
79,James Jacobson,5695595144,urna.nullam@aol.com
80,Glenna Haynes,8124277237,convallis@icloud.org
81,Norman Trujillo,2616069936,integer.vulputate@aol.couk
82,Desirae Berry,7564673865,proin.dolor@google.net
83,Cole Chen,4174790848,duis.at.lacus@google.couk
84,Grant Mccoy,8870381236,eget.metus@outlook.edu
85,Penelope Carr,9421136329,aliquam.iaculis@icloud.net
86,Cleo Miles,7585468785,ac.tellus.suspendisse@icloud.ca
87,Shaine Nguyen,3611641488,ipsum.primis@icloud.com
88,Hoyt Robbins,1542812081,mollis.duis.sit@yahoo.ca
89,Colt Maddox,6254281531,porta.elit.a@hotmail.net
90,Caryn Vaughan,8967916719,iaculis.quis@google.edu
91,Nyssa Cote,8220806422,aliquet.vel@icloud.net
92,Darrel Schneider,7986211473,integer@google.com
93,Vincent Coleman,7179915145,nulla.integer@outlook.com
94,Yvette Mosley,8597786471,pharetra.nam@google.ca
95,Karina Berger,4548844114,sem.elit@aol.edu
96,Sierra Blackburn,6960487394,sit.amet@google.couk
97,Kelly Pruitt,5495210283,nulla@hotmail.com
98,Miriam Waller,2752351513,orci.luctus@protonmail.org
99,Catherine Page,8338118585,arcu.vestibulum.ante@yahoo.couk
100,Thane Willis,6311865127,pharetra.sed.hendrerit@google.couk
